approach,HIGH_f1,MODERATE_f1,LOW_f1,macro_f1
baseline_vs_llm,0.021231422505307854,0.8063115712138922,0.03619441571871768,0.28791246981263924
cluster_vs_llm,0.0,0.10323099611207937,0.02696042904768807,0.04339714171992248
